Timestamp; Theory_Irradiation;Forecast_Irradiation;Cloud_Low;Cloud_Mid;Cloud_High;Cloud_Tot;Temperature
1562191200000;0.0;0.0;24.0;14.0;14.0;40.0;19.2
1562191500000;0.0;0.0;24.0;14.0;14.0;40.0;19.2
1562191800000;0.0;0.0;24.0;14.0;14.0;40.0;19.2
1562192100000;0.0;0.0;24.0;14.0;14.0;40.0;19.2
1562192400000;0.0;0.0;24.0;14.0;14.0;40.0;19.2
1562192700000;0.0;0.0;24.0;14.0;14.0;40.0;19.2
1562193000000;0.0;0.0;24.0;14.0;14.0;40.0;19.2
1562193300000;0.0;0.0;24.0;14.0;14.0;40.0;19.2
1562193600000;0.0;0.0;24.0;14.0;14.0;40.0;19.2
1562193900000;0.0;0.0;24.0;14.0;14.0;40.0;19.2
1562194200000;0.0;0.0;24.0;14.0;14.0;40.0;19.2
1562194500000;0.0;0.0;24.0;14.0;14.0;40.0;19.2
1562194800000;0.0;0.0;24.0;14.0;14.0;40.0;19.2
1562195100000;0.0;0.0;24.0;14.0;14.0;40.0;19.2
1562195400000;0.0;0.0;24.0;14.0;14.0;40.0;19.2
1562195700000;0.0;0.0;24.0;14.0;14.0;40.0;19.2
1562196000000;0.0;0.0;24.0;14.0;14.0;40.0;19.2
1562196300000;0.0;0.0;24.0;14.0;14.0;40.0;19.2
1562196600000;0.0;0.0;24.0;14.0;14.0;40.0;19.2
1562196900000;0.0;0.0;24.0;14.0;14.0;40.0;19.2
1562197200000;0.0;0.0;24.0;14.0;14.0;40.0;19.2
1562197500000;0.0;0.0;24.0;14.0;14.0;40.0;19.2
1562197800000;0.0;0.0;24.0;14.0;14.0;40.0;19.2
1562198100000;0.0;0.0;24.0;14.0;14.0;40.0;19.2
1562198400000;0.0;0.0;24.0;14.0;14.0;40.0;19.2
1562198700000;0.0;0.0;24.0;14.0;14.0;40.0;19.2
1562199000000;0.0;0.0;24.0;14.0;14.0;40.0;19.2
1562199300000;0.0;0.0;24.0;14.0;14.0;40.0;19.2
1562199600000;0.0;0.0;24.0;14.0;14.0;40.0;19.2
1562199900000;0.0;0.0;24.0;14.0;14.0;40.0;19.2
1562200200000;0.0;0.0;24.0;14.0;14.0;40.0;19.2
1562200500000;0.0;0.0;24.0;14.0;14.0;40.0;19.2
1562200800000;0.0;0.0;24.0;14.0;14.0;40.0;19.2
1562201100000;0.0;0.0;24.0;14.0;14.0;40.0;19.2
1562201400000;0.0;0.0;24.0;14.0;14.0;40.0;19.2
1562201700000;0.0;0.0;24.0;14.0;14.0;40.0;19.2
1562202000000;0.0;0.0;5.0;8.0;8.0;8.0;18.7
1562202300000;0.0;0.0;5.0;8.0;8.0;8.0;18.7
1562202600000;0.0;0.0;5.0;8.0;8.0;8.0;18.7
1562202900000;0.0;0.0;5.0;8.0;8.0;8.0;18.7
1562203200000;0.0;0.0;5.0;8.0;8.0;8.0;18.7
1562203500000;0.0;0.0;5.0;8.0;8.0;8.0;18.7
1562203800000;0.0;0.0;5.0;8.0;8.0;8.0;18.7
1562204100000;0.0;0.0;5.0;8.0;8.0;8.0;18.7
1562204400000;0.0;0.0;5.0;8.0;8.0;8.0;18.7
1562204700000;0.0;0.0;5.0;8.0;8.0;8.0;18.7
1562205000000;0.0;0.0;5.0;8.0;8.0;8.0;18.7
1562205300000;0.0;0.0;5.0;8.0;8.0;8.0;18.7
1562205600000;0.0;0.0;5.0;8.0;8.0;8.0;18.7
1562205900000;0.0;0.0;5.0;8.0;8.0;8.0;18.7
1562206200000;0.0;0.0;5.0;8.0;8.0;8.0;18.7
1562206500000;0.0;0.0;5.0;8.0;8.0;8.0;18.7
1562206800000;0.0;0.0;5.0;8.0;8.0;8.0;18.7
1562207100000;0.0;0.0;5.0;8.0;8.0;8.0;18.7
1562207400000;0.0;0.0;5.0;8.0;8.0;8.0;18.7
1562207700000;0.0;0.0;5.0;8.0;8.0;8.0;18.7
1562208000000;0.0;0.0;5.0;8.0;8.0;8.0;18.7
1562208300000;0.0;0.0;5.0;8.0;8.0;8.0;18.7
1562208600000;0.0;0.0;5.0;8.0;8.0;8.0;18.7
1562208900000;0.0;0.0;5.0;8.0;8.0;8.0;18.7
1562209200000;0.0;0.0;5.0;8.0;8.0;8.0;18.7
1562209500000;0.0;5.132330288305027e-76;5.0;8.0;8.0;8.0;18.7
1562209800000;0.0;3.6872190593036374e-07;5.0;8.0;8.0;8.0;18.7
1562210100000;0.0;0.0007946496387463884;5.0;8.0;8.0;8.0;18.7
1562210400000;0.0;0.014899936562113166;5.0;8.0;8.0;8.0;18.7
1562210700000;0.0;0.074903217383664;5.0;8.0;8.0;8.0;18.7
1562211000000;0.0;0.25483251940490215;5.0;8.0;8.0;8.0;18.7
1562211300000;0.0;0.6172112465145452;5.0;8.0;8.0;8.0;18.7
1562211600000;0.0;1.2307371485583025;5.0;8.0;8.0;8.0;18.7
1562211900000;0.0;2.159220093103237;5.0;8.0;8.0;8.0;18.7
1562212200000;0.0;3.459986003287404;5.0;8.0;8.0;8.0;18.7
1562212500000;1.0777893605440557e-74;5.011312921391924;5.0;8.0;8.0;8.0;18.7
1562212800000;7.74316002453764e-06;7.202331180448638;2.0;5.0;5.0;4.0;23.1
1562213100000;0.01667989925364962;9.629736462763306;2.0;5.0;5.0;4.0;23.1
1562213400000;0.2962110253907023;12.866794249120993;2.0;5.0;5.0;4.0;23.1
1562213700000;1.400076552502853;16.29268155735408;2.0;5.0;5.0;4.0;23.1
1562214000000;3.778515342446002;20.694513875034154;2.0;5.0;5.0;4.0;23.1
1562214300000;7.609953269302505;25.714194595441406;2.0;5.0;5.0;4.0;23.1
1562214600000;12.884043942918908;30.805719784516697;2.0;5.0;5.0;4.0;23.1
1562214900000;19.498141835443626;36.4865676829722;2.0;5.0;5.0;4.0;23.1
1562215200000;27.31608411386751;43.46846366069098;2.0;5.0;5.0;4.0;23.1
1562215500000;36.197628089105464;50.366812542201224;2.0;5.0;5.0;4.0;23.1
1562215800000;46.01138344019101;58.725936341880704;2.0;5.0;5.0;4.0;23.1
1562216100000;56.639456587342245;67.7891457308593;2.0;5.0;5.0;4.0;23.1
1562216400000;67.9782135135114;76.58646190018055;2.0;5.0;5.0;4.0;23.1
1562216700000;79.93737052543868;86.01807721807116;2.0;5.0;5.0;4.0;23.1
1562217000000;92.43847867128154;97.17880892774488;2.0;5.0;5.0;4.0;23.1
1562217300000;105.41329512855226;107.75483918299156;2.0;5.0;5.0;4.0;23.1
1562217600000;118.80225441175685;120.07769808262437;2.0;5.0;5.0;4.0;23.1
1562217900000;132.55311763062844;132.88649037787513;2.0;5.0;5.0;4.0;23.1
1562218200000;146.61981553209438;146.11944499434523;2.0;5.0;5.0;4.0;23.1
1562218500000;160.96147390190572;159.72045765436093;2.0;5.0;5.0;4.0;23.1
1562218800000;175.54159979326906;173.81170152594308;2.0;5.0;5.0;4.0;23.1
1562219100000;190.32740491171046;186.36545978012754;2.0;5.0;5.0;4.0;23.1
1562219400000;205.28924383888898;201.06068310741412;2.0;5.0;5.0;4.0;23.1
1562219700000;220.4001474456592;215.6841668551784;2.0;5.0;5.0;4.0;23.1
1562220000000;235.63543480040073;230.85447249480163;2.0;5.0;5.0;4.0;23.1
1562220300000;250.97238966958474;245.78161847911045;2.0;5.0;5.0;4.0;23.1
1562220600000;266.3899901615914;260.8202546021509;2.0;5.0;5.0;4.0;23.1
1562220900000;281.86868214318525;276.51237888205276;2.0;5.0;5.0;4.0;23.1
1562221200000;297.3901887813155;288.03508048525896;2.0;5.0;5.0;4.0;23.1
1562221500000;312.93734997419705;303.27334248177357;2.0;5.0;5.0;4.0;23.1
1562221800000;328.49398658341994;319.30530209911535;2.0;5.0;5.0;4.0;23.1
1562222100000;344.044785308961;332.2171381483081;2.0;5.0;5.0;4.0;23.1
1562222400000;359.5752008016259;345.05269056313267;2.0;5.0;5.0;4.0;23.1
1562222700000;375.07137221656154;361.2771027443209;2.0;5.0;5.0;4.0;23.1
1562223000000;390.5200519049827;374.96646398377356;2.0;5.0;5.0;4.0;23.1
1562223300000;405.90854434176714;390.126623514781;2.0;5.0;5.0;4.0;23.1
1562223600000;421.22465371240213;406.418507352479;1.0;6.0;6.0;9.0;28.8
1562223900000;436.45663884851984;418.6687426363413;1.0;6.0;6.0;9.0;28.8
1562224200000;451.59317441861936;427.93058928655984;1.0;6.0;6.0;9.0;28.8
1562224500000;466.62331745890094;439.864496607409;1.0;6.0;6.0;9.0;28.8
1562224800000;481.5364784758927;442.73745702943035;1.0;6.0;6.0;9.0;28.8
1562225100000;496.3223964736865;454.3145286563673;1.0;6.0;6.0;9.0;28.8
1562225400000;510.9711173589172;464.25208232488677;1.0;6.0;6.0;9.0;28.8
1562225700000;525.4729752599548;475.4351825732057;1.0;6.0;6.0;9.0;28.8
1562226000000;539.8185763662191;489.6120368204913;1.0;6.0;6.0;9.0;28.8
1562226300000;553.9987849515559;503.6281808320981;1.0;6.0;6.0;9.0;28.8
1562226600000;568.0047112942854;510.8394495577081;1.0;6.0;6.0;9.0;28.8
1562226900000;581.827701247442;524.5071282798885;1.0;6.0;6.0;9.0;28.8
1562227200000;595.4593272472196;537.9875692491935;1.0;6.0;6.0;9.0;28.8
1562227500000;608.8913805768333;552.094385522561;1.0;6.0;6.0;9.0;28.8
1562227800000;622.1158647277415;565.1755483420512;1.0;6.0;6.0;9.0;28.8
1562228100000;635.1249897212184;574.4651374407241;1.0;6.0;6.0;9.0;28.8
1562228400000;647.9111672712182;589.4788971602427;1.0;6.0;6.0;9.0;28.8
1562228700000;660.4670066848032;600.6601367217;1.0;6.0;6.0;9.0;28.8
1562229000000;672.7853114095604;612.8497593444183;1.0;6.0;6.0;9.0;28.8
1562229300000;684.8590761487261;627.3689143313209;1.0;6.0;6.0;9.0;28.8
1562229600000;696.6814844744708;639.0696146318039;1.0;6.0;6.0;9.0;28.8
1562229900000;708.245906878189;642.8169636448848;1.0;6.0;6.0;9.0;28.8
1562230200000;719.5458992039232;656.7726946050302;1.0;6.0;6.0;9.0;28.8
1562230500000;730.5752014173453;661.5796462718416;1.0;6.0;6.0;9.0;28.8
1562230800000;741.3277366682005;675.1235484871136;1.0;6.0;6.0;9.0;28.8
1562231100000;751.7976106089143;697.3384900663889;1.0;6.0;6.0;9.0;28.8
1562231400000;761.9791109362092;710.4429866383289;1.0;6.0;6.0;9.0;28.8
1562231700000;771.8667071262519;726.4031025954782;1.0;6.0;6.0;9.0;28.8
1562232000000;781.4550503370381;734.9473649308975;1.0;6.0;6.0;9.0;28.8
1562232300000;790.7389734545521;740.0169206053507;1.0;6.0;6.0;9.0;28.8
1562232600000;799.7134912617009;744.7535313344297;1.0;6.0;6.0;9.0;28.8
1562232900000;808.3738007112296;755.789137615308;1.0;6.0;6.0;9.0;28.8
1562233200000;816.7152812857503;764.049308493855;1.0;6.0;6.0;9.0;28.8
1562233500000;824.7334954297352;767.7691447941679;1.0;6.0;6.0;9.0;28.8
1562233800000;832.4241890398591;778.8642032608016;1.0;6.0;6.0;9.0;28.8
1562234100000;839.7832920014262;781.8932033353864;1.0;6.0;6.0;9.0;28.8
1562234400000;846.8069187598348;788.153463621825;0.0;5.0;5.0;5.0;31.5
1562234700000;853.4913689171188;794.7735385409642;0.0;5.0;5.0;5.0;31.5
1562235000000;859.8331278445834;804.7298953705069;0.0;5.0;5.0;5.0;31.5
1562235300000;865.8288673034198;810.6681050949272;0.0;5.0;5.0;5.0;31.5
1562235600000;871.4754460659833;816.2605929118849;0.0;5.0;5.0;5.0;31.5
1562235900000;876.769910531134;812.8393322095824;0.0;5.0;5.0;5.0;31.5
1562236200000;881.7094953276767;816.7532543895094;0.0;5.0;5.0;5.0;31.5
1562236500000;886.2916239005481;821.2916703599498;0.0;5.0;5.0;5.0;31.5
1562236800000;890.5139090749171;832.9101214341624;0.0;5.0;5.0;5.0;31.5
1562237100000;894.374153593871;836.7336201725612;0.0;5.0;5.0;5.0;31.5
1562237400000;897.8703506258155;840.196567685083;0.0;5.0;5.0;5.0;31.5
1562237700000;901.000684238131;843.2971557750537;0.0;5.0;5.0;5.0;31.5
1562238000000;903.7635298340223;846.0337668919394;0.0;5.0;5.0;5.0;31.5
1562238300000;906.1574545498621;852.4994179493741;0.0;5.0;5.0;5.0;31.5
1562238600000;908.1812176106686;854.3035298950413;0.0;5.0;5.0;5.0;31.5
1562238900000;909.8337706416825;860.0902993925546;0.0;5.0;5.0;5.0;31.5
1562239200000;911.1142579343108;856.929886340854;0.0;5.0;5.0;5.0;31.5
1562239500000;912.022016664998;857.829044535803;0.0;5.0;5.0;5.0;31.5
1562239800000;912.5565770658666;854.032205500551;0.0;5.0;5.0;5.0;31.5
1562240100000;912.7176625462339;849.9352667756043;0.0;5.0;5.0;5.0;31.5
1562240400000;912.5051897643825;853.9837311060744;0.0;5.0;5.0;5.0;31.5
1562240700000;911.9192686492211;857.6789335374684;0.0;5.0;5.0;5.0;31.5
1562241000000;910.9602023717165;856.7289541840066;0.0;5.0;5.0;5.0;31.5
1562241300000;909.6284872662546;855.4098601925325;0.0;5.0;5.0;5.0;31.5
1562241600000;907.9248127023205;849.5760545188004;0.0;5.0;5.0;5.0;31.5
1562241900000;905.8500609071655;843.4018166884704;0.0;5.0;5.0;5.0;31.5
1562242200000;903.4053067403844;841.4645744304682;0.0;5.0;5.0;5.0;31.5
1562242500000;900.5918174216043;835.175195096896;0.0;5.0;5.0;5.0;31.5
1562242800000;897.411052212756;823.9688413555501;0.0;5.0;5.0;5.0;31.5
1562243100000;893.8646620567112;812.818964902245;0.0;5.0;5.0;5.0;31.5
1562243400000;889.9544891743559;808.9460181307941;0.0;5.0;5.0;5.0;31.5
1562243700000;885.6825666225092;804.7148083785046;0.0;5.0;5.0;5.0;31.5
1562244000000;881.0511178154355;788.4763094125487;0.0;5.0;5.0;5.0;31.5
1562244300000;876.0625560130645;775.847775392952;0.0;5.0;5.0;5.0;31.5
1562244600000;870.7194837794292;759.1487138901091;0.0;5.0;5.0;5.0;31.5
1562244900000;865.0246924152609;757.8319386548773;0.0;5.0;5.0;5.0;31.5
1562245200000;858.9811613691319;744.4163719541758;0.0;18.0;18.0;18.0;32.8
1562245500000;852.5920576320464;743.0233943661336;0.0;18.0;18.0;18.0;32.8
1562245800000;845.8607351209155;729.1131470490417;0.0;18.0;18.0;18.0;32.8
1562246100000;838.7907340569641;709.2189027052116;0.0;18.0;18.0;18.0;32.8
1562246400000;831.3857803457621;706.1420921633456;0.0;18.0;18.0;18.0;32.8
1562246700000;823.6497849663035;695.0093445926749;0.0;18.0;18.0;18.0;32.8
1562247000000;815.5868433773604;683.6057259779692;0.0;18.0;18.0;18.0;32.8
1562247300000;807.2012349502243;668.5716941412167;0.0;18.0;18.0;18.0;32.8
1562247600000;798.4974224379364;653.3332967022013;0.0;18.0;18.0;18.0;32.8
1562247900000;789.4800514922198;642.0439046539707;0.0;18.0;18.0;18.0;32.8
1562248200000;780.1539502405412;630.5373250326314;0.0;18.0;18.0;18.0;32.8
1562248500000;770.5241289371338;629.1834551848056;0.0;18.0;18.0;18.0;32.8
1562248800000;760.5957797033435;631.5335153872071;0.0;18.0;18.0;18.0;32.8
1562249100000;750.3742763744241;620.4218630836768;0.0;18.0;18.0;18.0;32.8
1562249400000;739.8651744718569;619.0468522843366;0.0;18.0;18.0;18.0;32.8
1562249700000;729.0742113225213;599.692243293941;0.0;18.0;18.0;18.0;32.8
1562250000000;718.0073063485462;583.0839950610596;0.0;18.0;18.0;18.0;32.8
1562250300000;706.6705615545403;569.7057972302454;0.0;18.0;18.0;18.0;32.8
1562250600000;695.0702622421773;565.9118745099892;0.0;18.0;18.0;18.0;32.8
1562250900000;683.2128779858048;565.5837790166148;0.0;18.0;18.0;18.0;32.8
1562251200000;671.1050639070123;548.4791935686986;0.0;18.0;18.0;18.0;32.8
1562251500000;658.7536622909613;543.6869979300391;0.0;18.0;18.0;18.0;32.8
1562251800000;646.1657045928638;534.9009365512417;0.0;18.0;18.0;18.0;32.8
1562252100000;633.348413889423;524.7561926632693;0.0;18.0;18.0;18.0;32.8
1562252400000;620.309207837477;528.7297200830606;0.0;18.0;18.0;18.0;32.8
1562252700000;607.055702210651;511.1956589432782;0.0;18.0;18.0;18.0;32.8
1562253000000;593.5957150947403;499.2146333774618;0.0;18.0;18.0;18.0;32.8
1562253300000;579.9372718341102;480.8533666585666;0.0;18.0;18.0;18.0;32.8
1562253600000;566.0886108348008;471.8949713176773;0.0;18.0;18.0;18.0;32.8
1562253900000;552.0581903456955;458.8759579321672;0.0;18.0;18.0;18.0;32.8
1562254200000;537.8546963574765;445.7954042078713;0.0;18.0;18.0;18.0;32.8
1562254500000;523.4870517805798;434.4368161737924;0.0;18.0;18.0;18.0;32.8
1562254800000;508.9644270886752;414.9822757181281;0.0;18.0;18.0;18.0;32.8
1562255100000;494.2962526440694;395.6093599392705;0.0;18.0;18.0;18.0;32.8
1562255400000;479.49223295673266;382.26807731722204;0.0;18.0;18.0;18.0;32.8
1562255700000;464.5623631705335;369.0032962427649;0.0;18.0;18.0;18.0;32.8
1562256000000;449.5169481201385;355.7979403816902;0.0;15.0;15.0;15.0;31.0
1562256300000;434.3666243614879;345.1734722245614;0.0;15.0;15.0;15.0;31.0
1562256600000;419.1223856499517;340.17427460038584;0.0;15.0;15.0;15.0;31.0
1562256900000;403.7956124257552;323.8829861959127;0.0;15.0;15.0;15.0;31.0
1562257200000;388.3981059691861;307.6030594243225;0.0;15.0;15.0;15.0;31.0
1562257500000;372.9421280124438;294.39047225166604;0.0;15.0;15.0;15.0;31.0
1562257800000;357.4404467457292;279.1397344189663;0.0;15.0;15.0;15.0;31.0
1562258100000;341.9063903383642;262.0759913856287;0.0;15.0;15.0;15.0;31.0
1562258400000;326.3539093191528;251.5086553261625;0.0;15.0;15.0;15.0;31.0
1562258700000;310.7976494334783;240.0554389324417;0.0;15.0;15.0;15.0;31.0
1562259000000;295.2530369297679;228.55786140616826;0.0;15.0;15.0;15.0;31.0
1562259300000;279.736378640098;214.26967723641468;0.0;15.0;15.0;15.0;31.0
1562259600000;264.2649797276707;206.8708220185926;0.0;15.0;15.0;15.0;31.0
1562259900000;248.85728260095826;191.8685071219163;0.0;15.0;15.0;15.0;31.0
1562260200000;233.53303126922654;180.99977319794;0.0;15.0;15.0;15.0;31.0
1562260500000;218.313466371707;171.03444126249772;0.0;15.0;15.0;15.0;31.0
1562260800000;203.22155729388726;159.3558713028093;0.0;15.0;15.0;15.0;31.0
1562261100000;188.2822792357298;149.80403410881658;0.0;15.0;15.0;15.0;31.0
1562261400000;173.52294486646582;140.3190339571612;0.0;15.0;15.0;15.0;31.0
1562261700000;158.973602330277;133.87890059446798;0.0;15.0;15.0;15.0;31.0
1562262000000;144.6675138718723;121.55612128305175;0.0;15.0;15.0;15.0;31.0
1562262300000;130.64173217912415;115.23156902951673;0.0;15.0;15.0;15.0;31.0
1562262600000;116.93779449181052;103.7604169402178;0.0;15.0;15.0;15.0;31.0
1562262900000;103.6025570912564;95.21808866541669;0.0;15.0;15.0;15.0;31.0
1562263200000;90.68919382421024;84.68102996344389;0.0;15.0;15.0;15.0;31.0
1562263500000;78.25837941767863;74.71179652024625;0.0;15.0;15.0;15.0;31.0
1562263800000;66.37966657062306;67.4442002073438;0.0;15.0;15.0;15.0;31.0
1562264100000;55.133035164625504;57.767372132848955;0.0;15.0;15.0;15.0;31.0
1562264400000;44.61052228010175;50.59471391512287;0.0;15.0;15.0;15.0;31.0
1562264700000;34.91769255377301;42.33171654052926;0.0;15.0;15.0;15.0;31.0
1562265000000;26.174398687986898;35.51856215494597;0.0;15.0;15.0;15.0;31.0
1562265300000;18.513651425810885;29.318525846151424;0.0;15.0;15.0;15.0;31.0
1562265600000;12.076163223122803;24.34169795361336;0.0;15.0;15.0;15.0;31.0
1562265900000;6.995740048182872;19.330078189678627;0.0;15.0;15.0;15.0;31.0
1562266200000;3.3666519992920123;16.370005129928447;0.0;15.0;15.0;15.0;31.0
1562266500000;1.1797511930768116;13.77888530637958;0.0;15.0;15.0;15.0;31.0
1562266800000;0.22211543249271765;10.797613709515632;0.0;12.0;12.0;12.0;24.6
1562267100000;0.009075254994432406;8.268864506825231;0.0;12.0;12.0;12.0;24.6
1562267400000;8.163360480261e-07;5.9060201426269945;0.0;12.0;12.0;12.0;24.6
1562267700000;0.0;3.99414061633692;0.0;12.0;12.0;12.0;24.6
1562268000000;0.0;2.663942804764615;0.0;12.0;12.0;12.0;24.6
1562268300000;0.0;1.6668228547460662;0.0;12.0;12.0;12.0;24.6
1562268600000;0.0;0.9615408956675562;0.0;12.0;12.0;12.0;24.6
1562268900000;0.0;0.44399104324800753;0.0;12.0;12.0;12.0;24.6
1562269200000;0.0;0.1774866604600886;0.0;12.0;12.0;12.0;24.6
1562269500000;0.0;0.049233250963250055;0.0;12.0;12.0;12.0;24.6
1562269800000;0.0;0.009908211194023001;0.0;12.0;12.0;12.0;24.6
1562270100000;0.0;0.0003889783729065329;0.0;12.0;12.0;12.0;24.6
1562270400000;0.0;3.8873145144099995e-08;0.0;12.0;12.0;12.0;24.6
1562270700000;0.0;0.0;0.0;12.0;12.0;12.0;24.6
1562271000000;0.0;0.0;0.0;12.0;12.0;12.0;24.6
1562271300000;0.0;0.0;0.0;12.0;12.0;12.0;24.6
1562271600000;0.0;0.0;0.0;12.0;12.0;12.0;24.6
1562271900000;0.0;0.0;0.0;12.0;12.0;12.0;24.6
1562272200000;0.0;0.0;0.0;12.0;12.0;12.0;24.6
1562272500000;0.0;0.0;0.0;12.0;12.0;12.0;24.6
1562272800000;0.0;0.0;0.0;12.0;12.0;12.0;24.6
1562273100000;0.0;0.0;0.0;12.0;12.0;12.0;24.6
1562273400000;0.0;0.0;0.0;12.0;12.0;12.0;24.6
1562273700000;0.0;0.0;0.0;12.0;12.0;12.0;24.6
1562274000000;0.0;0.0;0.0;12.0;12.0;12.0;24.6
1562274300000;0.0;0.0;0.0;12.0;12.0;12.0;24.6
1562274600000;0.0;0.0;0.0;12.0;12.0;12.0;24.6
1562274900000;0.0;0.0;0.0;12.0;12.0;12.0;24.6
1562275200000;0.0;0.0;0.0;12.0;12.0;12.0;24.6
1562275500000;0.0;0.0;0.0;12.0;12.0;12.0;24.6
1562275800000;0.0;0.0;0.0;12.0;12.0;12.0;24.6
1562276100000;0.0;0.0;0.0;12.0;12.0;12.0;24.6
1562276400000;0.0;0.0;0.0;12.0;12.0;12.0;24.6
1562276700000;0.0;0.0;0.0;12.0;12.0;12.0;24.6
1562277000000;0.0;0.0;0.0;12.0;12.0;12.0;24.6
1562277300000;0.0;0.0;0.0;12.0;12.0;12.0;24.6
1562277600000;0.0;0.0;0.0;7.0;7.0;7.0;22.7
1562277900000;0.0;0.0;0.0;7.0;7.0;7.0;22.7
1562278200000;0.0;0.0;0.0;7.0;7.0;7.0;22.7
1562278500000;0.0;0.0;0.0;7.0;7.0;7.0;22.7
1562278800000;0.0;0.0;0.0;7.0;7.0;7.0;22.7
1562279100000;0.0;0.0;0.0;7.0;7.0;7.0;22.7
1562279400000;0.0;0.0;0.0;7.0;7.0;7.0;22.7
1562279700000;0.0;0.0;0.0;7.0;7.0;7.0;22.7
1562280000000;0.0;0.0;0.0;7.0;7.0;7.0;22.7
1562280300000;0.0;0.0;0.0;7.0;7.0;7.0;22.7
1562280600000;0.0;0.0;0.0;7.0;7.0;7.0;22.7
1562280900000;0.0;0.0;0.0;7.0;7.0;7.0;22.7
1562281200000;0.0;0.0;0.0;7.0;7.0;7.0;22.7
1562281500000;0.0;0.0;0.0;7.0;7.0;7.0;22.7
1562281800000;0.0;0.0;0.0;7.0;7.0;7.0;22.7
1562282100000;0.0;0.0;0.0;7.0;7.0;7.0;22.7
1562282400000;0.0;0.0;0.0;7.0;7.0;7.0;22.7
1562282700000;0.0;0.0;0.0;7.0;7.0;7.0;22.7
1562283000000;0.0;0.0;0.0;7.0;7.0;7.0;22.7
1562283300000;0.0;0.0;0.0;7.0;7.0;7.0;22.7
1562283600000;0.0;0.0;0.0;7.0;7.0;7.0;22.7
1562283900000;0.0;0.0;0.0;7.0;7.0;7.0;22.7
1562284200000;0.0;0.0;0.0;7.0;7.0;7.0;22.7
1562284500000;0.0;0.0;0.0;7.0;7.0;7.0;22.7
1562284800000;0.0;0.0;0.0;7.0;7.0;7.0;22.7
1562285100000;0.0;0.0;0.0;7.0;7.0;7.0;22.7
1562285400000;0.0;0.0;0.0;7.0;7.0;7.0;22.7
1562285700000;0.0;0.0;0.0;7.0;7.0;7.0;22.7
1562286000000;0.0;0.0;0.0;7.0;7.0;7.0;22.7
1562286300000;0.0;0.0;0.0;7.0;7.0;7.0;22.7
1562286600000;0.0;0.0;0.0;7.0;7.0;7.0;22.7
1562286900000;0.0;0.0;0.0;7.0;7.0;7.0;22.7
1562287200000;0.0;0.0;0.0;7.0;7.0;7.0;22.7
1562287500000;0.0;0.0;0.0;7.0;7.0;7.0;22.7
1562287800000;0.0;0.0;0.0;7.0;7.0;7.0;22.7
1562288100000;0.0;0.0;0.0;7.0;7.0;7.0;22.7
1562288400000;0.0;0.0;0.0;10.0;10.0;10.0;21.2
1562288700000;0.0;0.0;0.0;10.0;10.0;10.0;21.2
1562289000000;0.0;0.0;0.0;10.0;10.0;10.0;21.2
1562289300000;0.0;0.0;0.0;10.0;10.0;10.0;21.2
1562289600000;0.0;0.0;0.0;10.0;10.0;10.0;21.2
1562289900000;0.0;0.0;0.0;10.0;10.0;10.0;21.2
1562290200000;0.0;0.0;0.0;10.0;10.0;10.0;21.2
1562290500000;0.0;0.0;0.0;10.0;10.0;10.0;21.2
1562290800000;0.0;0.0;0.0;10.0;10.0;10.0;21.2
1562291100000;0.0;0.0;0.0;10.0;10.0;10.0;21.2
1562291400000;0.0;0.0;0.0;10.0;10.0;10.0;21.2
1562291700000;0.0;0.0;0.0;10.0;10.0;10.0;21.2
1562292000000;0.0;0.0;0.0;10.0;10.0;10.0;21.2
1562292300000;0.0;0.0;0.0;10.0;10.0;10.0;21.2
1562292600000;0.0;0.0;0.0;10.0;10.0;10.0;21.2
1562292900000;0.0;0.0;0.0;10.0;10.0;10.0;21.2
1562293200000;0.0;0.0;0.0;10.0;10.0;10.0;21.2
1562293500000;0.0;0.0;0.0;10.0;10.0;10.0;21.2
1562293800000;0.0;0.0;0.0;10.0;10.0;10.0;21.2
1562294100000;0.0;0.0;0.0;10.0;10.0;10.0;21.2
1562294400000;0.0;0.0;0.0;10.0;10.0;10.0;21.2
1562294700000;0.0;0.0;0.0;10.0;10.0;10.0;21.2
1562295000000;0.0;0.0;0.0;10.0;10.0;10.0;21.2
1562295300000;0.0;0.0;0.0;10.0;10.0;10.0;21.2
1562295600000;0.0;0.0;0.0;10.0;10.0;10.0;21.2
1562295900000;0.0;0.0;0.0;10.0;10.0;10.0;21.2
1562296200000;0.0;4.629432271795283e-08;0.0;10.0;10.0;10.0;21.2
1562296500000;0.0;0.000409597414538119;0.0;10.0;10.0;10.0;21.2
1562296800000;0.0;0.011277269821286627;0.0;10.0;10.0;10.0;21.2
1562297100000;0.0;0.06274432795960472;0.0;10.0;10.0;10.0;21.2
1562297400000;0.0;0.22516837745544716;0.0;10.0;10.0;10.0;21.2
1562297700000;0.0;0.561744102809079;0.0;10.0;10.0;10.0;21.2
1562298000000;0.0;1.0837048820557156;0.0;10.0;10.0;10.0;21.2
1562298300000;0.0;1.882903406213507;0.0;10.0;10.0;10.0;21.2
1562298600000;0.0;3.011757380574506;0.0;10.0;10.0;10.0;21.2
1562298900000;0.0;4.683837087770437;0.0;10.0;10.0;10.0;21.2
1562299200000;9.721807770770095e-07;6.605374541345991;0.0;8.0;8.0;9.0;25.2
1562299500000;0.009556192805026023;9.242826995157248;0.0;8.0;8.0;9.0;25.2
1562299800000;0.2282211205417187;12.099680260277552;0.0;8.0;8.0;9.0;25.2
1562300100000;1.200898023227422;15.466710129015723;0.0;8.0;8.0;9.0;25.2
1562300400000;3.4109050394126914;18.934096148579755;0.0;8.0;8.0;9.0;25.2
1562300700000;7.068090232426272;23.389307455010744;0.0;8.0;8.0;9.0;25.2
1562301000000;12.179084849088186;28.41694410276454;0.0;8.0;8.0;9.0;25.2
1562301300000;18.647965563681804;34.03275169961878;0.0;8.0;8.0;9.0;25.2
1562301600000;26.339926068423306;40.94132642088535;0.0;8.0;8.0;9.0;25.2
1562301900000;35.113673851114555;47.77291305522479;0.0;8.0;8.0;9.0;25.2
1562302200000;44.83587391676293;55.22874197233097;0.0;8.0;8.0;9.0;25.2
1562302500000;55.386501530036426;63.3177615585651;0.0;8.0;8.0;9.0;25.2
1562302800000;66.65990951947377;70.10725243622441;0.0;8.0;8.0;9.0;25.2
1562303100000;78.56403027055732;80.51551399783183;0.0;8.0;8.0;9.0;25.2
1562303400000;91.01888301355582;91.6084725790792;0.0;8.0;8.0;9.0;25.2
1562303700000;103.95493048338975;103.32070254798478;0.0;8.0;8.0;9.0;25.2
1562304000000;117.31152178092185;115.59293048968621;0.0;8.0;8.0;9.0;25.2
1562304300000;131.03551059326566;127.08231128720358;0.0;8.0;8.0;9.0;25.2
1562304600000;145.08006914659802;140.36828346076464;0.0;8.0;8.0;9.0;25.2
1562304900000;159.40368813458693;154.06511652092001;0.0;8.0;8.0;9.0;25.2
1562305200000;173.96934139914424;166.40307412472347;0.0;8.0;8.0;9.0;25.2
1562305500000;188.74379142566397;179.15828657080561;0.0;8.0;8.0;9.0;25.2
1562305800000;203.69701286338582;190.15872642979804;0.0;8.0;8.0;9.0;25.2
1562306100000;218.80171391429747;205.0875139369237;0.0;8.0;8.0;9.0;25.2
1562306400000;234.03293842709937;218.39000667856945;0.0;8.0;8.0;9.0;25.2
1562306700000;249.36773438642982;230.326549337847;0.0;8.0;8.0;9.0;25.2
1562307000000;264.7848770081564;243.85758104593532;0.0;8.0;8.0;9.0;25.2
1562307300000;280.26463679116;259.54048545096055;0.0;8.0;8.0;9.0;25.2
1562307600000;295.78858465209606;275.35652694003437;0.0;8.0;8.0;9.0;25.2
1562307900000;311.33942772484386;290.59606764907693;0.0;8.0;8.0;9.0;25.2
1562308200000;326.90087058998574;306.6233149786757;0.0;8.0;8.0;9.0;25.2
1562308500000;342.45749765868015;322.73100042291566;0.0;8.0;8.0;9.0;25.2
1562308800000;357.9946732110964;336.47749373206483;0.0;8.0;8.0;9.0;25.2
1562309100000;373.4984562171653;354.6404655892561;0.0;8.0;8.0;9.0;25.2
1562309400000;388.9555275756242;369.857975762447;0.0;8.0;8.0;9.0;25.2
1562309700000;404.35312781959277;385.0260962419224;0.0;8.0;8.0;9.0;25.2
1562310000000;419.67900367211683;400.13161014947156;0.0;3.0;3.0;3.0;30.4
1562310300000;434.92136210835866;415.1618981062086;0.0;3.0;3.0;3.0;30.4
1562310600000;450.06883080449046;431.439471391272;0.0;3.0;3.0;3.0;30.4
1562310900000;465.1104240364914;446.28354646179076;0.0;3.0;3.0;3.0;30.4
1562311200000;480.0355132427019;461.01756205496724;0.0;3.0;3.0;3.0;30.4
1562311500000;494.833801588269;474.1694469890008;0.0;3.0;3.0;3.0;30.4
1562311800000;509.49530197247765;490.2822136023649;0.0;3.0;3.0;3.0;30.4
1562312100000;524.0103180053866;508.03247989696945;0.0;3.0;3.0;3.0;30.4
1562312400000;538.3694275513067;522.2223355491974;0.0;3.0;3.0;3.0;30.4
1562312700000;552.5634684960836;538.1040085764771;0.0;3.0;3.0;3.0;30.4
1562313000000;566.5835264449621;555.815010839304;0.0;3.0;3.0;3.0;30.4
1562313300000;580.420924099634;571.4951537818786;0.0;3.0;3.0;3.0;30.4
1562313600000;594.0672120983759;584.989865882759;0.0;3.0;3.0;3.0;30.4
1562313900000;607.5141611329902;598.2892505864695;0.0;3.0;3.0;3.0;30.4
1562314200000;620.75375518155;607.8607692351047;0.0;3.0;3.0;3.0;30.4
1562314500000;633.7781857174338;620.7453193610747;0.0;3.0;3.0;3.0;30.4
1562314800000;646.5798467734593;633.4108048563473;0.0;3.0;3.0;3.0;30.4
1562315100000;659.151330755572;648.2759131452824;0.0;3.0;3.0;3.0;30.4
1562315400000;671.4854249139524;660.4810338017415;0.0;3.0;3.0;3.0;30.4
1562315700000;683.5751083909357;672.4452627839714;0.0;3.0;3.0;3.0;30.4
1562316000000;695.4135497750402;684.161726308151;0.0;3.0;3.0;3.0;30.4
1562316300000;706.9941050989682;695.6237458431847;0.0;3.0;3.0;3.0;30.4
1562316600000;718.3103162268494;706.8248355232279;0.0;3.0;3.0;3.0;30.4
1562316900000;729.3559095824145;717.75870001641;0.0;3.0;3.0;3.0;30.4
1562317200000;740.124795175364;728.419232791801;0.0;3.0;3.0;3.0;30.4
1562317500000;750.6110658880726;730.812317819819;0.0;3.0;3.0;3.0;30.4
1562317800000;760.8089969889952;743.9266075054353;0.0;3.0;3.0;3.0;30.4
1562318100000;770.7130458428644;753.732374942433;0.0;3.0;3.0;3.0;30.4
1562318400000;780.3178517910295;763.2422491407784;0.0;3.0;3.0;3.0;30.4
1562318700000;789.6182361781326;772.4510522761202;0.0;3.0;3.0;3.0;30.4
1562319000000;798.6092025038538;781.3537908259708;0.0;3.0;3.0;3.0;30.4
1562319300000;807.2859366806694;789.9456554909365;0.0;3.0;3.0;3.0;30.4
1562319600000;815.6438073805429;798.2220212398771;0.0;3.0;3.0;3.0;30.4
1562319900000;823.6783664551999;806.1784474596636;0.0;3.0;3.0;3.0;30.4
1562320200000;831.3853494162032;813.8106781922717;0.0;3.0;3.0;3.0;30.4
1562320500000;838.7606759624107;824.6390462303251;0.0;3.0;3.0;3.0;30.4
1562320800000;845.8004505436328;831.6108583379718;0.0;0.0;0.0;0.0;34.0
1562321100000;852.5009629504103;838.2468183829496;0.0;0.0;0.0;0.0;34.0
1562321400000;858.8586889208253;844.543412637747;0.0;0.0;0.0;0.0;34.0
1562321700000;864.8702907561292;850.4973140381285;0.0;0.0;0.0;0.0;34.0
1562322000000;870.5326179377967;856.1053826707831;0.0;0.0;0.0;0.0;34.0
1562322300000;875.8427077393194;861.3646662686082;0.0;0.0;0.0;0.0;34.0
1562322600000;880.7977858267211;866.2724007064189;0.0;0.0;0.0;0.0;34.0
1562322900000;885.3952668423648;870.8260104906195;0.0;0.0;0.0;0.0;34.0
1562323200000;889.6327549671845;875.0231092370403;0.0;0.0;0.0;0.0;34.0
1562323500000;893.5080444569492;878.8615001317672;0.0;0.0;0.0;0.0;34.0
1562323800000;897.0191201486527;890.3273732842691;0.0;0.0;0.0;0.0;34.0
1562324100000;900.164157933531;893.44251848516;0.0;0.0;0.0;0.0;34.0
1562324400000;902.9415251936077;896.1935070738762;0.0;0.0;0.0;0.0;34.0
1562324700000;905.3497811990409;898.5789046345309;0.0;0.0;0.0;0.0;34.0
1562325000000;907.3876774638806;900.5974682260805;0.0;0.0;0.0;0.0;34.0
1562325300000;909.0541580581784;902.2481466608388;0.0;0.0;0.0;0.0;34.0
1562325600000;910.348359874697;903.5300807432358;0.0;0.0;0.0;0.0;34.0
1562325900000;911.2696128487555;904.4426034671302;0.0;0.0;0.0;0.0;34.0
1562326200000;911.8174401300389;904.9852401703132;0.0;0.0;0.0;0.0;34.0
1562326500000;911.9915582054657;905.1577086451606;0.0;0.0;0.0;0.0;34.0
1562326800000;911.7918769724721;904.9599192046957;0.0;0.0;0.0;0.0;34.0
1562327100000;911.2184997623407;904.3919747036267;0.0;0.0;0.0;0.0;34.0
1562327400000;910.2717233134482;903.4541705142221;0.0;0.0;0.0;0.0;34.0
1562327700000;908.9520376945757;902.1469944571813;0.0;0.0;0.0;0.0;34.0
1562328000000;907.2601261786701;900.4711266879566;0.0;0.0;0.0;0.0;34.0
1562328300000;905.1968650677184;898.4274395392843;0.0;0.0;0.0;0.0;34.0
1562328600000;902.763323469656;891.9292122187339;0.0;0.0;0.0;0.0;34.0
1562328900000;899.9607630285027;889.1532709762027;0.0;0.0;0.0;0.0;34.0
1562329200000;896.7906376092085;886.0132782092076;0.0;0.0;0.0;0.0;34.0
1562329500000;893.2545929389828;878.5191253086389;0.0;0.0;0.0;0.0;34.0
1562329800000;889.3544662071877;874.6561361807819;0.0;0.0;0.0;0.0;34.0
1562330100000;885.0922856262052;870.4345833938465;0.0;0.0;0.0;0.0;34.0
1562330400000;880.4702699560357;865.8566767407784;0.0;0.0;0.0;0.0;34.0
1562330700000;875.4908279957509;857.0833744187157;0.0;0.0;0.0;0.0;34.0
1562331000000;870.1565580453199;851.8001471075872;0.0;0.0;0.0;0.0;34.0
1562331300000;864.4702473417605;846.1683306801788;0.0;0.0;0.0;0.0;34.0
1562331600000;858.4348714740273;836.4781730331321;0.0;4.0;4.0;4.0;35.0
1562331900000;852.0535937815446;830.1582613337417;0.0;4.0;4.0;4.0;35.0
1562332200000;845.329764741855;819.8795950777051;0.0;4.0;4.0;4.0;35.0
1562332500000;838.2669213534432;805.7430134017269;0.0;4.0;4.0;4.0;35.0
1562332800000;830.8687865204646;794.8955337508269;0.0;4.0;4.0;4.0;35.0
1562333100000;823.1392684468294;787.2409993965252;0.0;4.0;4.0;4.0;35.0
1562333400000;815.0824600479122;779.2625547329193;0.0;4.0;4.0;4.0;35.0
1562333700000;806.7026383890336;770.964468355762;0.0;4.0;4.0;4.0;35.0
1562334000000;798.0042641608774;762.3511934972403;0.0;4.0;4.0;4.0;35.0
1562334300000;788.9919812030929;750.1761477072737;0.0;4.0;4.0;4.0;35.0
1562334600000;779.6706160885967;737.7530235361377;0.0;4.0;4.0;4.0;35.0
1562334900000;770.0451777824564;732.3105311668869;0.0;4.0;4.0;4.0;35.0
1562335200000;760.1208573908177;719.4099042280417;0.0;4.0;4.0;4.0;35.0
1562335500000;749.9030280170831;706.2801538583117;0.0;4.0;4.0;4.0;35.0
1562335800000;739.3972447445362;696.9196455997168;0.0;4.0;4.0;4.0;35.0
1562336100000;728.609244766853;683.3516525371755;0.0;4.0;4.0;4.0;35.0
1562336400000;717.5449476904793;672.3993157609705;0.0;4.0;4.0;4.0;35.0
1562336700000;706.2104560357336;661.180178305479;0.0;4.0;4.0;4.0;35.0
1562337000000;694.612055966794;653.5419896090045;0.0;4.0;4.0;4.0;35.0
1562337300000;682.7562182844648;641.8083663707224;0.0;4.0;4.0;4.0;35.0
1562337600000;670.6495997198961;627.2684293347816;0.0;4.0;4.0;4.0;35.0
1562337900000;658.2990445723566;618.7598073402507;0.0;4.0;4.0;4.0;35.0
1562338200000;645.7115867397746;606.3051396012947;0.0;4.0;4.0;4.0;35.0
1562338500000;632.8944521972501;597.2440546565214;0.0;4.0;4.0;4.0;35.0
1562338800000;619.8550619862281;591.4867348252199;0.0;4.0;4.0;4.0;35.0
1562339100000;606.6010357856649;581.8975823049801;0.0;4.0;4.0;4.0;35.0
1562339400000;593.1401961465225;560.0315080045352;0.0;4.0;4.0;4.0;35.0
1562339700000;579.4805734825895;544.4576364721307;0.0;4.0;4.0;4.0;35.0
1562340000000;565.6304119241656;530.7634905307948;0.0;4.0;4.0;4.0;35.0
1562340300000;551.5981761569516;514.9711072245652;0.0;4.0;4.0;4.0;35.0
1562340600000;537.3925593870397;504.18156292520035;0.0;4.0;4.0;4.0;35.0
1562340900000;523.0224925945932;491.40112955188863;0.0;4.0;4.0;4.0;35.0
1562341200000;508.4971552643786;477.0503650460446;0.0;4.0;4.0;4.0;35.0
1562341500000;493.8259878114977;462.3824982822206;0.0;4.0;4.0;4.0;35.0
1562341800000;479.01870595632926;450.7744789745062;0.0;4.0;4.0;4.0;35.0
1562342100000;464.0853173450506;438.98428027455765;0.0;4.0;4.0;4.0;35.0
1562342400000;449.0361407625195;427.02165729538086;0.0;6.0;6.0;6.0;33.9
1562342700000;433.8818283444283;410.7427872296648;0.0;6.0;6.0;6.0;33.9
1562343000000;418.63339126767806;395.70696385425515;0.0;6.0;6.0;6.0;33.9
1562343300000;403.30222948441445;380.5967598272978;0.0;6.0;6.0;6.0;33.9
1562343600000;387.9001661693553;364.3153680232675;0.0;6.0;6.0;6.0;33.9
1562343900000;372.4394876759558;350.61701818483306;0.0;6.0;6.0;6.0;33.9
1562344200000;356.9329899496304;334.39700958770106;0.0;6.0;6.0;6.0;33.9
1562344500000;341.3940325318661;319.1222565905419;0.0;6.0;6.0;6.0;33.9
1562344800000;325.8366015155222;303.84321821154316;0.0;6.0;6.0;6.0;33.9
1562345100000;310.27538308868554;287.82206005550296;0.0;6.0;6.0;6.0;33.9
1562345400000;294.72584964438573;271.8989116323789;0.0;6.0;6.0;6.0;33.9
1562345700000;279.2043608516514;265.2638890529209;0.0;6.0;6.0;6.0;33.9
1562346000000;263.7282825989866;252.21113404459368;0.0;6.0;6.0;6.0;33.9
1562346300000;248.3161273580613;237.18364821787662;0.0;6.0;6.0;6.0;33.9
1562346600000;232.98772030257456;224.19217293358207;0.0;6.0;6.0;6.0;33.9
1562346900000;217.76439649023686;209.4222370556846;0.0;6.0;6.0;6.0;33.9
1562347200000;202.6692356164693;196.59710904182398;0.0;6.0;6.0;6.0;33.9
1562347500000;187.7273423240355;182.20224257774103;0.0;6.0;6.0;6.0;33.9
1562347800000;172.9661818525255;171.29881734815973;0.0;6.0;6.0;6.0;33.9
1562348100000;158.41598297720466;157.42478748816222;0.0;6.0;6.0;6.0;33.9
1562348400000;144.11022273271732;143.8772849364489;0.0;6.0;6.0;6.0;33.9
1562348700000;130.08621028889235;130.53471993353594;0.0;6.0;6.0;6.0;33.9
1562349000000;116.38579033511483;119.13000356480718;0.0;6.0;6.0;6.0;33.9
1562349300000;103.0561889066188;106.86169893755837;0.0;6.0;6.0;6.0;33.9
1562349600000;90.1510255657879;95.19020077960282;0.0;6.0;6.0;6.0;33.9
1562349900000;77.73151273350835;85.25211009854743;0.0;6.0;6.0;6.0;33.9
1562350200000;65.86785061728705;75.92588804402567;0.0;6.0;6.0;6.0;33.9
1562350500000;54.64079420388822;67.24035791629322;0.0;6.0;6.0;6.0;33.9
1562350800000;44.14329620428534;58.300960674830385;0.0;6.0;6.0;6.0;33.9
1562351100000;34.48197445557503;50.06447582471012;0.0;6.0;6.0;6.0;33.9
1562351400000;25.777829502705842;43.27521941140135;0.0;6.0;6.0;6.0;33.9
1562351700000;18.16498072901712;37.09906700857061;0.0;6.0;6.0;6.0;33.9
1562352000000;11.78488102318206;30.904485566242418;0.0;6.0;6.0;6.0;33.9
1562352300000;6.770983807512656;25.362305074094095;0.0;6.0;6.0;6.0;33.9
1562352600000;3.214666040994604;20.454867507112244;0.0;6.0;6.0;6.0;33.9
1562352900000;1.0989377446157076;16.161961527789007;0.0;6.0;6.0;6.0;33.9
1562353200000;0.1961338517942864;12.460460921431471;0.0;3.0;3.0;3.0;28.3
1562353500000;0.006865969378873418;9.323896606322563;0.0;3.0;3.0;3.0;28.3
1562353800000;2.533165111788166e-07;6.7219540251850285;0.0;3.0;3.0;3.0;28.3
1562354100000;0.0;4.619892301171441;0.0;3.0;3.0;3.0;28.3
1562354400000;0.0;2.977893517572629;0.0;3.0;3.0;3.0;28.3
1562354700000;0.0;1.7503778269675898;0.0;3.0;3.0;3.0;28.3
1562355000000;0.0;1.058378561100271;0.0;3.0;3.0;3.0;28.3
1562355300000;0.0;0.49719375047255376;0.0;3.0;3.0;3.0;28.3
1562355600000;0.0;0.2070087301505828;0.0;3.0;3.0;3.0;28.3
1562355900000;0.0;0.05392939486512544;0.0;3.0;3.0;3.0;28.3
1562356200000;0.0;0.0068320629530237015;0.0;3.0;3.0;3.0;28.3
1562356500000;0.0;0.000294267893214155;0.0;3.0;3.0;3.0;28.3
1562356800000;0.0;1.2062691008515074e-08;0.0;3.0;3.0;3.0;28.3
1562357100000;0.0;0.0;0.0;3.0;3.0;3.0;28.3
1562357400000;0.0;0.0;0.0;3.0;3.0;3.0;28.3
1562357700000;0.0;0.0;0.0;3.0;3.0;3.0;28.3
1562358000000;0.0;0.0;0.0;3.0;3.0;3.0;28.3
1562358300000;0.0;0.0;0.0;3.0;3.0;3.0;28.3
1562358600000;0.0;0.0;0.0;3.0;3.0;3.0;28.3
1562358900000;0.0;0.0;0.0;3.0;3.0;3.0;28.3
1562359200000;0.0;0.0;0.0;3.0;3.0;3.0;28.3
1562359500000;0.0;0.0;0.0;3.0;3.0;3.0;28.3
1562359800000;0.0;0.0;0.0;3.0;3.0;3.0;28.3
1562360100000;0.0;0.0;0.0;3.0;3.0;3.0;28.3
1562360400000;0.0;0.0;0.0;3.0;3.0;3.0;28.3
1562360700000;0.0;0.0;0.0;3.0;3.0;3.0;28.3
1562361000000;0.0;0.0;0.0;3.0;3.0;3.0;28.3
1562361300000;0.0;0.0;0.0;3.0;3.0;3.0;28.3
1562361600000;0.0;0.0;0.0;3.0;3.0;3.0;28.3
1562361900000;0.0;0.0;0.0;3.0;3.0;3.0;28.3
1562362200000;0.0;0.0;0.0;3.0;3.0;3.0;28.3
1562362500000;0.0;0.0;0.0;3.0;3.0;3.0;28.3
1562362800000;0.0;0.0;0.0;3.0;3.0;3.0;28.3
1562363100000;0.0;0.0;0.0;3.0;3.0;3.0;28.3
1562363400000;0.0;0.0;0.0;3.0;3.0;3.0;28.3
1562363700000;0.0;0.0;0.0;3.0;3.0;3.0;28.3
1562364000000;0.0;0.0;0.0;3.0;3.0;3.0;24.4
1562364300000;0.0;0.0;0.0;3.0;3.0;3.0;24.4
1562364600000;0.0;0.0;0.0;3.0;3.0;3.0;24.4
1562364900000;0.0;0.0;0.0;3.0;3.0;3.0;24.4
1562365200000;0.0;0.0;0.0;3.0;3.0;3.0;24.4
1562365500000;0.0;0.0;0.0;3.0;3.0;3.0;24.4
1562365800000;0.0;0.0;0.0;3.0;3.0;3.0;24.4
1562366100000;0.0;0.0;0.0;3.0;3.0;3.0;24.4
1562366400000;0.0;0.0;0.0;3.0;3.0;3.0;24.4
1562366700000;0.0;0.0;0.0;3.0;3.0;3.0;24.4
1562367000000;0.0;0.0;0.0;3.0;3.0;3.0;24.4
1562367300000;0.0;0.0;0.0;3.0;3.0;3.0;24.4
1562367600000;0.0;0.0;0.0;3.0;3.0;3.0;24.4
1562367900000;0.0;0.0;0.0;3.0;3.0;3.0;24.4
1562368200000;0.0;0.0;0.0;3.0;3.0;3.0;24.4
1562368500000;0.0;0.0;0.0;3.0;3.0;3.0;24.4
1562368800000;0.0;0.0;0.0;3.0;3.0;3.0;24.4
1562369100000;0.0;0.0;0.0;3.0;3.0;3.0;24.4
1562369400000;0.0;0.0;0.0;3.0;3.0;3.0;24.4
1562369700000;0.0;0.0;0.0;3.0;3.0;3.0;24.4
1562370000000;0.0;0.0;0.0;3.0;3.0;3.0;24.4
1562370300000;0.0;0.0;0.0;3.0;3.0;3.0;24.4
1562370600000;0.0;0.0;0.0;3.0;3.0;3.0;24.4
1562370900000;0.0;0.0;0.0;3.0;3.0;3.0;24.4
1562371200000;0.0;0.0;0.0;3.0;3.0;3.0;24.4
1562371500000;0.0;0.0;0.0;3.0;3.0;3.0;24.4
1562371800000;0.0;0.0;0.0;3.0;3.0;3.0;24.4
1562372100000;0.0;0.0;0.0;3.0;3.0;3.0;24.4
1562372400000;0.0;0.0;0.0;3.0;3.0;3.0;24.4
1562372700000;0.0;0.0;0.0;3.0;3.0;3.0;24.4
1562373000000;0.0;0.0;0.0;3.0;3.0;3.0;24.4
1562373300000;0.0;0.0;0.0;3.0;3.0;3.0;24.4
1562373600000;0.0;0.0;0.0;3.0;3.0;3.0;24.4
1562373900000;0.0;0.0;0.0;3.0;3.0;3.0;24.4
1562374200000;0.0;0.0;0.0;3.0;3.0;3.0;24.4
1562374500000;0.0;0.0;0.0;3.0;3.0;3.0;24.4
1562374800000;0.0;0.0;0.0;2.0;2.0;2.0;22.5
1562375100000;0.0;0.0;0.0;2.0;2.0;2.0;22.5
1562375400000;0.0;0.0;0.0;2.0;2.0;2.0;22.5
1562375700000;0.0;0.0;0.0;2.0;2.0;2.0;22.5
1562376000000;0.0;0.0;0.0;2.0;2.0;2.0;22.5
1562376300000;0.0;0.0;0.0;2.0;2.0;2.0;22.5
1562376600000;0.0;0.0;0.0;2.0;2.0;2.0;22.5
1562376900000;0.0;0.0;0.0;2.0;2.0;2.0;22.5
1562377200000;0.0;0.0;0.0;2.0;2.0;2.0;22.5
1562377500000;0.0;0.0;0.0;2.0;2.0;2.0;22.5
1562377800000;0.0;0.0;0.0;2.0;2.0;2.0;22.5
1562378100000;0.0;0.0;0.0;2.0;2.0;2.0;22.5
1562378400000;0.0;0.0;0.0;2.0;2.0;2.0;22.5
1562378700000;0.0;0.0;0.0;2.0;2.0;2.0;22.5
1562379000000;0.0;0.0;0.0;2.0;2.0;2.0;22.5
1562379300000;0.0;0.0;0.0;2.0;2.0;2.0;22.5
1562379600000;0.0;0.0;0.0;2.0;2.0;2.0;22.5
1562379900000;0.0;0.0;0.0;2.0;2.0;2.0;22.5
1562380200000;0.0;0.0;0.0;2.0;2.0;2.0;22.5
1562380500000;0.0;0.0;0.0;2.0;2.0;2.0;22.5
1562380800000;0.0;0.0;0.0;2.0;2.0;2.0;22.5
1562381100000;0.0;0.0;0.0;2.0;2.0;2.0;22.5
1562381400000;0.0;0.0;0.0;2.0;2.0;2.0;22.5
1562381700000;0.0;0.0;0.0;2.0;2.0;2.0;22.5
1562382000000;0.0;0.0;0.0;2.0;2.0;2.0;22.5
1562382300000;0.0;0.0;0.0;2.0;2.0;2.0;22.5
1562382600000;0.0;2.7141078821431715e-09;0.0;2.0;2.0;2.0;22.5
1562382900000;0.0;0.00023502525734302252;0.0;2.0;2.0;2.0;22.5
1562383200000;0.0;0.007513443252780447;0.0;2.0;2.0;2.0;22.5
1562383500000;0.0;0.055756940184581945;0.0;2.0;2.0;2.0;22.5
1562383800000;0.0;0.20098535441163728;0.0;2.0;2.0;2.0;22.5
1562384100000;0.0;0.4806024645649741;0.0;2.0;2.0;2.0;22.5
1562384400000;0.0;1.026464431356803;0.0;2.0;2.0;2.0;22.5
1562384700000;0.0;1.873036678653387;0.0;2.0;2.0;2.0;22.5
1562385000000;0.0;3.0795233763220864;0.0;2.0;2.0;2.0;22.5
1562385300000;0.0;4.69835650091264;0.0;2.0;2.0;2.0;22.5
1562385600000;5.69962655250066e-08;6.775523802742538;0.0;2.0;2.0;2.0;26.1
1562385900000;0.004935473407937948;9.093623942069396;0.0;2.0;2.0;2.0;26.1
1562386200000;0.16982975322687321;12.202822765414872;0.0;2.0;2.0;2.0;26.1
1562386500000;1.0131134355678315;15.508782248499655;0.0;2.0;2.0;2.0;26.1
1562386800000;3.049796698768162;19.77283079789021;0.0;2.0;2.0;2.0;26.1
1562387100000;6.524399236911192;24.650932950792363;0.0;2.0;2.0;2.0;26.1
1562387400000;11.463101302628406;29.06093741267428;0.0;2.0;2.0;2.0;26.1
1562387700000;17.778017193228266;35.2256191499879;0.0;2.0;2.0;2.0;26.1
1562388000000;25.33622065104269;42.05798119978442;0.0;2.0;2.0;2.0;26.1
1562388300000;33.995495616401634;49.571518708915654;0.0;2.0;2.0;2.0;26.1
1562388600000;43.62051333842786;57.77793651475082;0.0;2.0;2.0;2.0;26.1
1562388900000;54.08900325096005;66.68733384970064;0.0;2.0;2.0;2.0;26.1
1562389200000;65.29317529025501;76.30812583132966;0.0;2.0;2.0;2.0;26.1
1562389500000;77.1390546053116;86.64083821255392;0.0;2.0;2.0;2.0;26.1
1562389800000;89.5450195372017;96.55117243970692;0.0;2.0;2.0;2.0;26.1
1562390100000;102.44014521094518;108.20115279643171;0.0;2.0;2.0;2.0;26.1
1562390400000;115.76261712440035;120.45087272796414;0.0;2.0;2.0;2.0;26.1
1562390700000;129.45831648358603;133.17153354953845;0.0;2.0;2.0;2.0;26.1
1562391000000;143.47960304572703;144.93025395805464;0.0;2.0;2.0;2.0;26.1
1562391300000;157.7842876917559;158.47034793775242;0.0;2.0;2.0;2.0;26.1
1562391600000;172.3347739225384;172.3393555979916;0.0;2.0;2.0;2.0;26.1
1562391900000;187.0973440909424;186.49111010548026;0.0;2.0;2.0;2.0;26.1
1562392200000;202.04156708761752;199.4452199921735;0.0;2.0;2.0;2.0;26.1
1562392500000;217.13980678361358;214.04379537704074;0.0;2.0;2.0;2.0;26.1
1562392800000;232.3668135619787;229.18207573133395;0.0;2.0;2.0;2.0;26.1
1562393100000;247.6993841899891;242.1781446751344;0.0;2.0;2.0;2.0;26.1
1562393400000;263.116077875401;257.2082358156576;0.0;2.0;2.0;2.0;26.1
1562393700000;278.5969785556888;273.43276191518436;0.0;2.0;2.0;2.0;26.1
1562394000000;294.12349530229824;288.6244564086034;0.0;2.0;2.0;2.0;26.1
1562394300000;309.6781942246955;303.8652993852296;0.0;2.0;2.0;2.0;26.1
1562394600000;325.24465648142547;319.13627074443303;0.0;2.0;2.0;2.0;26.1
1562394900000;340.8073579956893;334.4196485750697;0.0;2.0;2.0;2.0;26.1
1562395200000;356.3515672738023;347.27998053061253;0.0;2.0;2.0;2.0;26.1
1562395500000;371.863258372466;362.5393765382746;0.0;2.0;2.0;2.0;26.1
1562395800000;387.3290365849385;375.2077509860017;0.0;2.0;2.0;2.0;26.1
1562396100000;402.736074841124;391.49060554639505;0.0;2.0;2.0;2.0;26.1
1562396400000;418.072059161932;406.6051400939228;0.0;3.0;3.0;3.0;30.2
1562396700000;433.32514178958246;421.64517207247195;0.0;3.0;3.0;3.0;30.2
1562397000000;448.48390084538596;436.5985552404791;0.0;3.0;3.0;3.0;30.2
1562397300000;463.5373055548773;452.85422381816323;0.0;3.0;3.0;3.0;30.2
1562397600000;478.47468623502715;464.65058009329266;0.0;3.0;3.0;3.0;30.2
1562397900000;493.2857083659091;473.25322411791876;0.0;3.0;3.0;3.0;30.2
1562398200000;507.96035017482455;484.67541603680985;0.0;3.0;3.0;3.0;30.2
1562398500000;522.4888832485219;497.59377969706105;0.0;3.0;3.0;3.0;30.2
1562398800000;536.8618557620913;508.60587093745005;0.0;3.0;3.0;3.0;30.2
1562399100000;551.0700779740409;519.4003185321959;0.0;3.0;3.0;3.0;30.2
1562399400000;565.104609688072;528.581753216238;0.0;3.0;3.0;3.0;30.2
1562399700000;578.9567494249333;542.2777336676886;0.0;3.0;3.0;3.0;30.2
1562400000000;592.6180250838361;552.3726436576371;0.0;3.0;3.0;3.0;30.2
1562400300000;606.0801859034374;565.6868555140063;0.0;3.0;3.0;3.0;30.2
1562400600000;619.3351955582393;575.279411461677;0.0;3.0;3.0;3.0;30.2
1562400900000;632.3752262482175;584.6107845088862;0.0;3.0;3.0;3.0;30.2
1562401200000;645.192653658222;597.2917068859359;0.0;3.0;3.0;3.0;30.2
1562401500000;657.7800526796656;612.1651062507107;0.0;3.0;3.0;3.0;30.2
1562401800000;670.1301938007056;620.6758436353306;0.0;3.0;3.0;3.0;30.2
1562402100000;682.2360400828925;635.2124312536736;0.0;3.0;3.0;3.0;30.2
1562402400000;694.0907446523648;646.9448797597623;0.0;3.0;3.0;3.0;30.2
1562402700000;705.6876486423967;654.5841954373766;0.0;3.0;3.0;3.0;30.2
1562403000000;717.0202795316659;665.8014458361795;0.0;3.0;3.0;3.0;30.2
1562403300000;728.082349829141;676.7515366130946;0.0;3.0;3.0;3.0;30.2
1562403600000;738.8677560621767;683.4745699103061;0.0;3.0;3.0;3.0;30.2
1562403900000;749.3705780293578;696.8213824895013;0.0;3.0;3.0;3.0;30.2
1562404200000;759.5850782839526;712.9566419237566;0.0;3.0;3.0;3.0;30.2
1562404500000;769.5057018176118;725.8511068853962;0.0;3.0;3.0;3.0;30.2
1562404800000;779.127075917266;738.5096177861192;0.0;3.0;3.0;3.0;30.2
1562405100000;788.4440101710827;750.925854882496;0.0;3.0;3.0;3.0;30.2
1562405400000;797.4514966019059;758.9530013365383;0.0;3.0;3.0;3.0;30.2
1562405700000;806.144709908858;765.8395145371228;0.0;3.0;3.0;3.0;30.2
1562406000000;814.5190077997947;774.132109679305;0.0;3.0;3.0;3.0;30.2
1562406300000;822.5699313990538;785.5190891876994;0.0;3.0;3.0;3.0;30.2
1562406600000;830.2932057165323;793.1674218444377;0.0;3.0;3.0;3.0;30.2
1562406900000;837.6847401655152;795.50499327203;0.0;3.0;3.0;3.0;30.2
1562407200000;844.7406291179326;806.0611693371669;0.0;5.0;5.0;5.0;33.8
1562407500000;851.4571524868335;808.4307111620174;0.0;5.0;5.0;5.0;33.8
1562407800000;857.83077632688;814.743028737231;0.0;5.0;5.0;5.0;33.8
1562408100000;863.8581534445478;824.4226632505374;0.0;5.0;5.0;5.0;33.8
1562408400000;869.5361240105475;830.0462075329912;0.0;5.0;5.0;5.0;33.8
1562408700000;874.8617161677072;835.320829053426;0.0;5.0;5.0;5.0;33.8
1562409000000;879.8321466282221;835.4203852201014;0.0;5.0;5.0;5.0;33.8
1562409300000;884.444821254782;839.9890306306881;0.0;5.0;5.0;5.0;33.8
1562409600000;888.697335620648;839.8628041099214;0.0;5.0;5.0;5.0;33.8
1562409900000;892.5874755442433;847.6696709302348;0.0;5.0;5.0;5.0;33.8
1562410200000;896.113217594297;851.161864969135;0.0;5.0;5.0;5.0;33.8
1562410500000;899.2727295620099;854.2913389027045;0.0;5.0;5.0;5.0;33.8
1562410800000;902.0643708970999;852.7253893174761;0.0;5.0;5.0;5.0;33.8
1562411100000;904.4866931049752;846.4750320128094;0.0;5.0;5.0;5.0;33.8
1562411400000;906.5384401026089;848.5073101959929;0.0;5.0;5.0;5.0;33.8
1562411700000;908.2185485310367;854.3121316488395;0.0;5.0;5.0;5.0;33.8
1562412000000;909.5261480226936;859.6438214962923;0.0;5.0;5.0;5.0;33.8
1562412300000;910.4605614221222;860.5693778967485;0.0;5.0;5.0;5.0;33.8
1562412600000;911.0213049588383;856.8576223317189;0.0;5.0;5.0;5.0;33.8
1562412900000;911.2080883714592;857.0426357581189;0.0;5.0;5.0;5.0;33.8
1562413200000;911.0208149824183;861.126103424662;0.0;5.0;5.0;5.0;33.8
1562413500000;910.4595817228945;856.3585746129451;0.0;5.0;5.0;5.0;33.8
1562413800000;909.5246791078204;859.7147847296992;0.0;5.0;5.0;5.0;33.8
1562414100000;908.2165911610957;858.4190990495075;0.0;5.0;5.0;5.0;33.8
1562414400000;906.5359952914026;852.6138291109286;0.0;5.0;5.0;5.0;33.8
1562414700000;904.4837621192697;850.5810693792018;0.0;5.0;5.0;5.0;33.8
1562415000000;902.060955256306;844.0963950514799;0.0;5.0;5.0;5.0;33.8
1562415300000;899.2688310378031;845.9384332182785;0.0;5.0;5.0;5.0;33.8
1562415600000;896.1088382101796;838.7859515635848;0.0;5.0;5.0;5.0;33.8
1562415900000;892.5826175750491;839.6314802228828;0.0;5.0;5.0;5.0;33.8
1562416200000;888.692001591998;835.7779190956591;0.0;5.0;5.0;5.0;33.8
1562416500000;884.4390139424875;831.5654802136597;0.0;5.0;5.0;5.0;33.8
1562416800000;879.8258690576446;826.9963691039442;0.0;5.0;5.0;5.0;33.8
1562417100000;874.8549716130761;826.404050942484;0.0;5.0;5.0;5.0;33.8
1562417400000;869.5289159942416;829.7786523144032;0.0;5.0;5.0;5.0;33.8
1562417700000;863.8504857363486;824.1546528600229;0.0;5.0;5.0;5.0;33.8
1562418000000;857.8226529431971;814.4746262514719;0.0;7.0;7.0;7.0;35.6
1562418300000;851.4485776899144;812.4573901137998;0.0;7.0;7.0;7.0;35.6
1562418600000;844.7316074150617;802.188145774276;0.0;7.0;7.0;7.0;35.6
1562418900000;837.6752763082131;795.8987815868376;0.0;7.0;7.0;7.0;35.6
1562419200000;830.283304699759;785.0600107553379;0.0;7.0;7.0;7.0;35.6
1562419500000;822.5595984604333;781.6431172906485;0.0;7.0;7.0;7.0;35.6
1562419800000;814.5082484188671;777.8817124036933;0.0;7.0;7.0;7.0;35.6
1562420100000;806.1335298063747;766.2283551068823;0.0;7.0;7.0;7.0;35.6
1562420400000;797.4399017391796;751.009561514736;0.0;7.0;7.0;7.0;35.6
1562420700000;788.4320067494134;746.230719627943;0.0;7.0;7.0;7.0;35.6
1562421000000;779.1146703774485;733.8141610957044;0.0;7.0;7.0;7.0;35.6
1562421300000;769.4929008395595;725.2402067149335;0.0;7.0;7.0;7.0;35.6
1562421600000;759.5718887864468;719.4722206364272;0.0;7.0;7.0;7.0;35.6
1562421900000;749.3570071699525;710.3705069627264;0.0;7.0;7.0;7.0;35.6
1562422200000;738.8538112372829;699.9725400446288;0.0;7.0;7.0;7.0;35.6
1562422500000;728.0680386743228;686.4093548858056;0.0;7.0;7.0;7.0;35.6
1562422800000;717.0056099221794;672.6370041070204;0.0;7.0;7.0;7.0;35.6
1562423100000;705.6726286940116;658.6625567581157;0.0;7.0;7.0;7.0;35.6
1562423400000;694.0753827225079;641.8023445774577;0.0;7.0;7.0;7.0;35.6
1562423700000;682.2203447721646;627.4455121031576;0.0;7.0;7.0;7.0;35.6
1562424000000;670.1141739548198;612.9086936980966;0.0;7.0;7.0;7.0;35.6
1562424300000;657.7637173918732;604.3975864555215;0.0;7.0;7.0;7.0;35.6
1562424600000;645.1760122722909;589.523976819412;0.0;7.0;7.0;7.0;35.6
1562424900000;632.3582883620408;580.4597717594256;0.0;7.0;7.0;7.0;35.6
1562425200000;619.3179710281639;571.1280523746047;0.0;7.0;7.0;7.0;35.6
1562425500000;606.0626848494128;561.5351585537078;0.0;7.0;7.0;7.0;35.6
1562425800000;592.600257895495;548.2206857644873;0.0;7.0;7.0;7.0;35.6
1562426100000;578.9387267687416;528.5210688220754;0.0;7.0;7.0;7.0;35.6
1562426400000;565.0863425156937;514.2037474552852;0.0;7.0;7.0;7.0;35.6
1562426700000;551.0515775320905;505.022034901169;0.0;7.0;7.0;7.0;35.6
1562427000000;536.8431336034812;489.13430093648;0.0;7.0;7.0;7.0;35.6
1562427300000;522.4699512456268;478.1219299540666;0.0;7.0;7.0;7.0;35.6
1562427600000;507.9412205347354;465.20339449472016;0.0;7.0;7.0;7.0;35.6
1562427900000;493.2663936480861;444.21749811560966;0.0;7.0;7.0;7.0;35.6
1562428200000;478.4551993717187;424.8598634781534;0.0;7.0;7.0;7.0;35.6
1562428500000;463.5176598747203;408.6395803998516;0.0;7.0;7.0;7.0;35.6
1562428800000;448.4641101006926;395.2698853694744;0.0;16.0;16.0;16.0;32.6
1562429100000;433.305220187894;377.8320647599263;0.0;16.0;16.0;16.0;32.6
1562429400000;418.05202140252516;360.5374289414554;0.0;16.0;16.0;16.0;32.6
1562429700000;402.7159361572895;348.44572978586876;0.0;16.0;16.0;16.0;32.6
1562430000000;387.308812792995;334.78695330401706;0.0;16.0;16.0;16.0;32.6
1562430300000;371.8429659286578;320.0506262168198;0.0;16.0;16.0;16.0;32.6
1562430600000;356.3312233404573;304.79119445876285;0.0;16.0;16.0;16.0;32.6
1562430900000;340.78698051828127;290.1490614128768;0.0;16.0;16.0;16.0;32.6
1562431200000;325.2242642785147;273.22458810519885;0.0;16.0;16.0;16.0;32.6
1562431500000;309.657807093139;256.45111692212635;0.0;16.0;16.0;16.0;32.6
1562431800000;294.1031341406119;238.47773431114135;0.0;16.0;16.0;16.0;32.6
1562432100000;278.57666550906094;221.4369722633609;0.0;16.0;16.0;16.0;32.6
1562432400000;263.0958365066292;210.8516285934721;0.0;16.0;16.0;16.0;32.6
1562432700000;247.6792396815421;198.82766438930693;0.0;16.0;16.0;16.0;32.6
1562433000000;232.34679295555088;185.40534286346823;0.0;16.0;16.0;16.0;32.6
1562433300000;217.11993926499022;172.11167177634113;0.0;16.0;16.0;16.0;32.6
1562433600000;202.02188432642953;157.51334289777003;0.0;16.0;16.0;16.0;32.6
1562433900000;187.07788064706943;144.8169946024637;0.0;16.0;16.0;16.0;32.6
1562434200000;172.31556773356104;137.15676316633636;0.0;16.0;16.0;16.0;32.6
1562434500000;157.76538065899726;130.8697636907921;0.0;16.0;16.0;16.0;32.6
1562434800000;143.46104174005848;118.44290044178162;0.0;16.0;16.0;16.0;32.6
1562435100000;129.4401529961464;106.2615494696848;0.0;16.0;16.0;16.0;32.6
1562435400000;115.74491009122984;98.73862399289368;0.0;16.0;16.0;16.0;32.6
1562435700000;102.42296104318984;91.53202291765048;0.0;16.0;16.0;16.0;32.6
1562436000000;89.5284338877207;82.21266950909155;0.0;16.0;16.0;16.0;32.6
1562436300000;77.12315409336264;72.30310755149821;0.0;16.0;16.0;16.0;32.6
1562436600000;65.27805947866491;64.03993392606596;0.0;16.0;16.0;16.0;32.6
1562436900000;54.0747868049789;54.42007757836741;0.0;16.0;16.0;16.0;32.6
1562437200000;43.60732815229468;47.29330117539289;0.0;16.0;16.0;16.0;32.6
1562437500000;33.98349239203058;40.72889859506675;0.0;16.0;16.0;16.0;32.6
1562437800000;25.325568792292522;34.71878885567638;0.0;16.0;16.0;16.0;32.6
1562438100000;17.768900625035283;30.61990194881756;0.0;16.0;16.0;16.0;32.6
1562438400000;11.455705366028317;26.30523018227935;0.0;16.0;16.0;16.0;32.6
1562438700000;6.5188793238702765;22.447066512571688;0.0;16.0;16.0;16.0;32.6
1562439000000;3.0462127068706084;18.545239425212074;0.0;16.0;16.0;16.0;32.6
1562439300000;1.0113125505351914;14.708306544309758;0.0;16.0;16.0;16.0;32.6
1562439600000;0.1693052779149181;11.403028511737073;0.0;5.0;5.0;6.0;26.1
1562439900000;0.004901024759980885;8.294549488943508;0.0;5.0;5.0;6.0;26.1
1562440200000;5.519066591440058e-08;5.719559641087369;0.0;5.0;5.0;6.0;26.1
1562440500000;0.0;3.643020205263814;0.0;5.0;5.0;6.0;26.1
1562440800000;0.0;2.186584817033932;0.0;5.0;5.0;6.0;26.1
1562441100000;0.0;1.342399190624182;0.0;5.0;5.0;6.0;26.1
1562441400000;0.0;0.9193301281233414;0.0;5.0;5.0;6.0;26.1
1562441700000;0.0;0.4829223046555961;0.0;5.0;5.0;6.0;26.1
1562442000000;0.0;0.1724994797093925;0.0;5.0;5.0;6.0;26.1
1562442300000;0.0;0.056453281352416965;0.0;5.0;5.0;6.0;26.1
1562442600000;0.0;0.008295540850741185;0.0;5.0;5.0;6.0;26.1
1562442900000;0.0;0.00023338475955460948;0.0;5.0;5.0;6.0;26.1
1562443200000;0.0;2.6281269483047892e-09;0.0;5.0;5.0;6.0;26.1
1562443500000;0.0;0.0;0.0;5.0;5.0;6.0;26.1
1562443800000;0.0;0.0;0.0;5.0;5.0;6.0;26.1
1562444100000;0.0;0.0;0.0;5.0;5.0;6.0;26.1
1562444400000;0.0;0.0;0.0;5.0;5.0;6.0;26.1
1562444700000;0.0;0.0;0.0;5.0;5.0;6.0;26.1
1562445000000;0.0;0.0;0.0;5.0;5.0;6.0;26.1
1562445300000;0.0;0.0;0.0;5.0;5.0;6.0;26.1
1562445600000;0.0;0.0;0.0;5.0;5.0;6.0;26.1
1562445900000;0.0;0.0;0.0;5.0;5.0;6.0;26.1
1562446200000;0.0;0.0;0.0;5.0;5.0;6.0;26.1
1562446500000;0.0;0.0;0.0;5.0;5.0;6.0;26.1
1562446800000;0.0;0.0;0.0;5.0;5.0;6.0;26.1
1562447100000;0.0;0.0;0.0;5.0;5.0;6.0;26.1
1562447400000;0.0;0.0;0.0;5.0;5.0;6.0;26.1
1562447700000;0.0;0.0;0.0;5.0;5.0;6.0;26.1
1562448000000;0.0;0.0;0.0;5.0;5.0;6.0;26.1
1562448300000;0.0;0.0;0.0;5.0;5.0;6.0;26.1
1562448600000;0.0;0.0;0.0;5.0;5.0;6.0;26.1
1562448900000;0.0;0.0;0.0;5.0;5.0;6.0;26.1
1562449200000;0.0;0.0;0.0;5.0;5.0;6.0;26.1
1562449500000;0.0;0.0;0.0;5.0;5.0;6.0;26.1
1562449800000;0.0;0.0;0.0;5.0;5.0;6.0;26.1
1562450100000;0.0;0.0;0.0;5.0;5.0;6.0;26.1
